Артикул;Теплоотдача;Длина;Высота;Тип
RS1-B-T10-H0300-L0400;246;400;300;10
RS1-B-T10-H0300-L0500;307;500;300;10
RS1-B-T10-H0300-L0600;369;600;300;10
RS1-B-T10-H0300-L0700;430;700;300;10
RS1-B-T10-H0300-L0800;492;800;300;10
RS1-B-T10-H0300-L0900;554;900;300;10
RS1-B-T10-H0300-L1000;615;1000;300;10
RS1-B-T10-H0300-L1100;677;1100;300;10
RS1-B-T10-H0300-L1200;738;1200;300;10
RS1-B-T10-H0300-L1300;799;1300;300;10
RS1-B-T10-H0300-L1400;861;1400;300;10
RS1-B-T10-H0300-L1500;922;1500;300;10
RS1-B-T10-H0300-L1600;984;1600;300;10
RS1-B-T10-H0300-L1700;1046;1700;300;10
RS1-B-T10-H0300-L1800;1107;1800;300;10
RS1-B-T10-H0300-L1900;1169;1900;300;10
RS1-B-T10-H0300-L2000;1230;2000;300;10
RS1-B-T10-H0300-L2100;1291;2100;300;10
RS1-B-T10-H0300-L2200;1353;2200;300;10
RS1-B-T10-H0300-L2300;1414;2300;300;10
RS1-B-T10-H0300-L2400;1476;2400;300;10
RS1-B-T10-H0300-L2500;1538;2500;300;10
RS1-B-T10-H0300-L2600;1599;2600;300;10
RS1-B-T10-H0300-L2700;1661;2700;300;10
RS1-B-T10-H0300-L2800;1722;2800;300;10
RS1-B-T10-H0300-L2900;1783;2900;300;10
RS1-B-T10-H0300-L3000;1845;3000;300;10
RS1-B-T10-H0400-L0400;290;400;400;10
RS1-B-T10-H0400-L0500;363;500;400;10
RS1-B-T10-H0400-L0600;436;600;400;10
RS1-B-T10-H0400-L0700;509;700;400;10
RS1-B-T10-H0400-L0800;581;800;400;10
RS1-B-T10-H0400-L0900;654;900;400;10
RS1-B-T10-H0400-L1000;727;1000;400;10
RS1-B-T10-H0400-L1100;799;1100;400;10
RS1-B-T10-H0400-L1200;871;1200;400;10
RS1-B-T10-H0400-L1300;945;1300;400;10
RS1-B-T10-H0400-L1400;1017;1400;400;10
RS1-B-T10-H0400-L1500;1089;1500;400;10
RS1-B-T10-H0400-L1600;1163;1600;400;10
RS1-B-T10-H0400-L1700;1235;1700;400;10
RS1-B-T10-H0400-L1800;1307;1800;400;10
RS1-B-T10-H0400-L1900;1381;1900;400;10
RS1-B-T10-H0400-L2000;1453;2000;400;10
RS1-B-T10-H0400-L2100;1526;2100;400;10
RS1-B-T10-H0400-L2200;1598;2200;400;10
RS1-B-T10-H0400-L2300;1671;2300;400;10
RS1-B-T10-H0400-L2400;1744;2400;400;10
RS1-B-T10-H0400-L2500;1816;2500;400;10
RS1-B-T10-H0400-L2600;1889;2600;400;10
RS1-B-T10-H0400-L2700;1962;2700;400;10
RS1-B-T10-H0400-L2800;2034;2800;400;10
RS1-B-T10-H0400-L2900;2106;2900;400;10
RS1-B-T10-H0400-L3000;2180;3000;400;10
RS1-B-T10-H0500-L0400;365;400;500;10
RS1-B-T10-H0500-L0500;457;500;500;10
RS1-B-T10-H0500-L0600;548;600;500;10
RS1-B-T10-H0500-L0700;640;700;500;10
RS1-B-T10-H0500-L0800;730;800;500;10
RS1-B-T10-H0500-L0900;822;900;500;10
RS1-B-T10-H0500-L1000;914;1000;500;10
RS1-B-T10-H0500-L1100;1005;1100;500;10
RS1-B-T10-H0500-L1200;1096;1200;500;10
RS1-B-T10-H0500-L1300;1187;1300;500;10
RS1-B-T10-H0500-L1400;1279;1400;500;10
RS1-B-T10-H0500-L1500;1370;1500;500;10
RS1-B-T10-H0500-L1600;1462;1600;500;10
RS1-B-T10-H0500-L1700;1552;1700;500;10
RS1-B-T10-H0500-L1800;1644;1800;500;10
RS1-B-T10-H0500-L1900;1736;1900;500;10
RS1-B-T10-H0500-L2000;1827;2000;500;10
RS1-B-T10-H0500-L2100;1919;2100;500;10
RS1-B-T10-H0500-L2200;2009;2200;500;10
RS1-B-T10-H0500-L2300;2101;2300;500;10
RS1-B-T10-H0500-L2400;2192;2400;500;10
RS1-B-T10-H0500-L2500;2284;2500;500;10
RS1-B-T10-H0500-L2600;2375;2600;500;10
RS1-B-T10-H0500-L2700;2466;2700;500;10
RS1-B-T10-H0500-L2800;2558;2800;500;10
RS1-B-T10-H0500-L2900;2649;2900;500;10
RS1-B-T10-H0500-L3000;2741;3000;500;10
RS1-B-T10-H0600-L0400;422;400;600;10
RS1-B-T10-H0600-L0500;528;500;600;10
RS1-B-T10-H0600-L0600;634;600;600;10
RS1-B-T10-H0600-L0700;739;700;600;10
RS1-B-T10-H0600-L0800;845;800;600;10
RS1-B-T10-H0600-L0900;950;900;600;10
RS1-B-T10-H0600-L1000;1056;1000;600;10
RS1-B-T10-H0600-L1100;1162;1100;600;10
RS1-B-T10-H0600-L1200;1267;1200;600;10
RS1-B-T10-H0600-L1300;1372;1300;600;10
RS1-B-T10-H0600-L1400;1479;1400;600;10
RS1-B-T10-H0600-L1500;1584;1500;600;10
RS1-B-T10-H0600-L1600;1690;1600;600;10
RS1-B-T10-H0600-L1700;1795;1700;600;10
RS1-B-T10-H0600-L1800;1901;1800;600;10
RS1-B-T10-H0600-L1900;2007;1900;600;10
RS1-B-T10-H0600-L2000;2112;2000;600;10
RS1-B-T10-H0600-L2100;2217;2100;600;10
RS1-B-T10-H0600-L2200;2324;2200;600;10
RS1-B-T10-H0600-L2300;2429;2300;600;10
RS1-B-T10-H0600-L2400;2534;2400;600;10
RS1-B-T10-H0600-L2500;2640;2500;600;10
RS1-B-T10-H0600-L2600;2746;2600;600;10
RS1-B-T10-H0600-L2700;2851;2700;600;10
RS1-B-T10-H0600-L2800;2957;2800;600;10
RS1-B-T10-H0600-L2900;3062;2900;600;10
RS1-B-T10-H0600-L3000;3168;3000;600;10
RS1-B-T11-H0300-L0400;331;400;300;11
RS1-B-T11-H0300-L0500;414;500;300;11
RS1-B-T11-H0300-L0600;496;600;300;11
RS1-B-T11-H0300-L0700;579;700;300;11
RS1-B-T11-H0300-L0800;661;800;300;11
RS1-B-T11-H0300-L0900;744;900;300;11
RS1-B-T11-H0300-L1000;827;1000;300;11
RS1-B-T11-H0300-L1100;910;1100;300;11
RS1-B-T11-H0300-L1200;993;1200;300;11
RS1-B-T11-H0300-L1300;1075;1300;300;11
RS1-B-T11-H0300-L1400;1158;1400;300;11
RS1-B-T11-H0300-L1500;1240;1500;300;11
RS1-B-T11-H0300-L1600;1323;1600;300;11
RS1-B-T11-H0300-L1700;1405;1700;300;11
RS1-B-T11-H0300-L1800;1489;1800;300;11
RS1-B-T11-H0300-L1900;1572;1900;300;11
RS1-B-T11-H0300-L2000;1654;2000;300;11
RS1-B-T11-H0300-L2100;1737;2100;300;11
RS1-B-T11-H0300-L2200;1819;2200;300;11
RS1-B-T11-H0300-L2300;1902;2300;300;11
RS1-B-T11-H0300-L2400;1984;2400;300;11
RS1-B-T11-H0300-L2500;2067;2500;300;11
RS1-B-T11-H0300-L2600;2151;2600;300;11
RS1-B-T11-H0300-L2700;2233;2700;300;11
RS1-B-T11-H0300-L2800;2316;2800;300;11
RS1-B-T11-H0300-L2900;2398;2900;300;11
RS1-B-T11-H0300-L3000;2481;3000;300;11
RS1-B-T11-H0400-L0400;409;400;400;11
RS1-B-T11-H0400-L0500;512;500;400;11
RS1-B-T11-H0400-L0600;614;600;400;11
RS1-B-T11-H0400-L0700;716;700;400;11
RS1-B-T11-H0400-L0800;819;800;400;11
RS1-B-T11-H0400-L0900;921;900;400;11
RS1-B-T11-H0400-L1000;1023;1000;400;11
RS1-B-T11-H0400-L1100;1126;1100;400;11
RS1-B-T11-H0400-L1200;1228;1200;400;11
RS1-B-T11-H0400-L1300;1330;1300;400;11
RS1-B-T11-H0400-L1400;1433;1400;400;11
RS1-B-T11-H0400-L1500;1535;1500;400;11
RS1-B-T11-H0400-L1600;1637;1600;400;11
RS1-B-T11-H0400-L1700;1740;1700;400;11
RS1-B-T11-H0400-L1800;1842;1800;400;11
RS1-B-T11-H0400-L1900;1944;1900;400;11
RS1-B-T11-H0400-L2000;2047;2000;400;11
RS1-B-T11-H0400-L2100;2149;2100;400;11
RS1-B-T11-H0400-L2200;2251;2200;400;11
RS1-B-T11-H0400-L2300;2354;2300;400;11
RS1-B-T11-H0400-L2400;2456;2400;400;11
RS1-B-T11-H0400-L2500;2558;2500;400;11
RS1-B-T11-H0400-L2600;2661;2600;400;11
RS1-B-T11-H0400-L2700;2763;2700;400;11
RS1-B-T11-H0400-L2800;2865;2800;400;11
RS1-B-T11-H0400-L2900;2968;2900;400;11
RS1-B-T11-H0400-L3000;3070;3000;400;11
RS1-B-T11-H0500-L0400;502;400;500;11
RS1-B-T11-H0500-L0500;627;500;500;11
RS1-B-T11-H0500-L0600;753;600;500;11
RS1-B-T11-H0500-L0700;879;700;500;11
RS1-B-T11-H0500-L0800;1004;800;500;11
RS1-B-T11-H0500-L0900;1130;900;500;11
RS1-B-T11-H0500-L1000;1255;1000;500;11
RS1-B-T11-H0500-L1100;1380;1100;500;11
RS1-B-T11-H0500-L1200;1506;1200;500;11
RS1-B-T11-H0500-L1300;1631;1300;500;11
RS1-B-T11-H0500-L1400;1757;1400;500;11
RS1-B-T11-H0500-L1500;1882;1500;500;11
RS1-B-T11-H0500-L1600;2008;1600;500;11
RS1-B-T11-H0500-L1700;2134;1700;500;11
RS1-B-T11-H0500-L1800;2259;1800;500;11
RS1-B-T11-H0500-L1900;2385;1900;500;11
RS1-B-T11-H0500-L2000;2510;2000;500;11
RS1-B-T11-H0500-L2100;2635;2100;500;11
RS1-B-T11-H0500-L2200;2761;2200;500;11
RS1-B-T11-H0500-L2300;2886;2300;500;11
RS1-B-T11-H0500-L2400;3012;2400;500;11
RS1-B-T11-H0500-L2500;3137;2500;500;11
RS1-B-T11-H0500-L2600;3263;2600;500;11
RS1-B-T11-H0500-L2700;3389;2700;500;11
RS1-B-T11-H0500-L2800;3514;2800;500;11
RS1-B-T11-H0500-L2900;3640;2900;500;11
RS1-B-T11-H0500-L3000;3765;3000;500;11
RS1-B-T11-H0600-L0400;564;400;600;11
RS1-B-T11-H0600-L0500;706;500;600;11
RS1-B-T11-H0600-L0600;847;600;600;11
RS1-B-T11-H0600-L0700;988;700;600;11
RS1-B-T11-H0600-L0800;1129;800;600;11
RS1-B-T11-H0600-L0900;1271;900;600;11
RS1-B-T11-H0600-L1000;1412;1000;600;11
RS1-B-T11-H0600-L1100;1552;1100;600;11
RS1-B-T11-H0600-L1200;1694;1200;600;11
RS1-B-T11-H0600-L1300;1835;1300;600;11
RS1-B-T11-H0600-L1400;1976;1400;600;11
RS1-B-T11-H0600-L1500;2118;1500;600;11
RS1-B-T11-H0600-L1600;2259;1600;600;11
RS1-B-T11-H0600-L1700;2399;1700;600;11
RS1-B-T11-H0600-L1800;2541;1800;600;11
RS1-B-T11-H0600-L1900;2682;1900;600;11
RS1-B-T11-H0600-L2000;2823;2000;600;11
RS1-B-T11-H0600-L2100;2965;2100;600;11
RS1-B-T11-H0600-L2200;3106;2200;600;11
RS1-B-T11-H0600-L2300;3247;2300;600;11
RS1-B-T11-H0600-L2400;3387;2400;600;11
RS1-B-T11-H0600-L2500;3529;2500;600;11
RS1-B-T11-H0600-L2600;3670;2600;600;11
RS1-B-T11-H0600-L2700;3811;2700;600;11
RS1-B-T11-H0600-L2800;3953;2800;600;11
RS1-B-T11-H0600-L2900;4094;2900;600;11
RS1-B-T11-H0600-L3000;4235;3000;600;11
RS1-B-T20-H0300-L0400;401;400;300;20
RS1-B-T20-H0300-L0500;500;500;300;20
RS1-B-T20-H0300-L0600;600;600;300;20
RS1-B-T20-H0300-L0700;700;700;300;20
RS1-B-T20-H0300-L0800;800;800;300;20
RS1-B-T20-H0300-L0900;900;900;300;20
RS1-B-T20-H0300-L1000;1000;1000;300;20
RS1-B-T20-H0300-L1100;1100;1100;300;20
RS1-B-T20-H0300-L1200;1201;1200;300;20
RS1-B-T20-H0300-L1300;1300;1300;300;20
RS1-B-T20-H0300-L1400;1400;1400;300;20
RS1-B-T20-H0300-L1500;1501;1500;300;20
RS1-B-T20-H0300-L1600;1600;1600;300;20
RS1-B-T20-H0300-L1700;1700;1700;300;20
RS1-B-T20-H0300-L1800;1800;1800;300;20
RS1-B-T20-H0300-L1900;1900;1900;300;20
RS1-B-T20-H0300-L2000;2001;2000;300;20
RS1-B-T20-H0300-L2100;2100;2100;300;20
RS1-B-T20-H0300-L2200;2200;2200;300;20
RS1-B-T20-H0300-L2300;2301;2300;300;20
RS1-B-T20-H0300-L2400;2400;2400;300;20
RS1-B-T20-H0300-L2500;2501;2500;300;20
RS1-B-T20-H0300-L2600;2600;2600;300;20
RS1-B-T20-H0300-L2700;2700;2700;300;20
RS1-B-T20-H0300-L2800;2801;2800;300;20
RS1-B-T20-H0300-L2900;2900;2900;300;20
RS1-B-T20-H0300-L3000;3000;3000;300;20
RS1-B-T20-H0400-L0400;482;400;400;20
RS1-B-T20-H0400-L0500;602;500;400;20
RS1-B-T20-H0400-L0600;723;600;400;20
RS1-B-T20-H0400-L0700;843;700;400;20
RS1-B-T20-H0400-L0800;963;800;400;20
RS1-B-T20-H0400-L0900;1084;900;400;20
RS1-B-T20-H0400-L1000;1205;1000;400;20
RS1-B-T20-H0400-L1100;1325;1100;400;20
RS1-B-T20-H0400-L1200;1446;1200;400;20
RS1-B-T20-H0400-L1300;1566;1300;400;20
RS1-B-T20-H0400-L1400;1686;1400;400;20
RS1-B-T20-H0400-L1500;1806;1500;400;20
RS1-B-T20-H0400-L1600;1928;1600;400;20
RS1-B-T20-H0400-L1700;2048;1700;400;20
RS1-B-T20-H0400-L1800;2168;1800;400;20
RS1-B-T20-H0400-L1900;2289;1900;400;20
RS1-B-T20-H0400-L2000;2409;2000;400;20
RS1-B-T20-H0400-L2100;2529;2100;400;20
RS1-B-T20-H0400-L2200;2651;2200;400;20
RS1-B-T20-H0400-L2300;2771;2300;400;20
RS1-B-T20-H0400-L2400;2891;2400;400;20
RS1-B-T20-H0400-L2500;3011;2500;400;20
RS1-B-T20-H0400-L2600;3132;2600;400;20
RS1-B-T20-H0400-L2700;3252;2700;400;20
RS1-B-T20-H0400-L2800;3373;2800;400;20
RS1-B-T20-H0400-L2900;3494;2900;400;20
RS1-B-T20-H0400-L3000;3614;3000;400;20
RS1-B-T20-H0500-L0400;574;400;500;20
RS1-B-T20-H0500-L0500;717;500;500;20
RS1-B-T20-H0500-L0600;861;600;500;20
RS1-B-T20-H0500-L0700;1004;700;500;20
RS1-B-T20-H0500-L0800;1148;800;500;20
RS1-B-T20-H0500-L0900;1291;900;500;20
RS1-B-T20-H0500-L1000;1435;1000;500;20
RS1-B-T20-H0500-L1100;1578;1100;500;20
RS1-B-T20-H0500-L1200;1721;1200;500;20
RS1-B-T20-H0500-L1300;1865;1300;500;20
RS1-B-T20-H0500-L1400;2007;1400;500;20
RS1-B-T20-H0500-L1500;2151;1500;500;20
RS1-B-T20-H0500-L1600;2294;1600;500;20
RS1-B-T20-H0500-L1700;2438;1700;500;20
RS1-B-T20-H0500-L1800;2581;1800;500;20
RS1-B-T20-H0500-L1900;2725;1900;500;20
RS1-B-T20-H0500-L2000;2868;2000;500;20
RS1-B-T20-H0500-L2100;3011;2100;500;20
RS1-B-T20-H0500-L2200;3155;2200;500;20
RS1-B-T20-H0500-L2300;3298;2300;500;20
RS1-B-T20-H0500-L2400;3442;2400;500;20
RS1-B-T20-H0500-L2500;3585;2500;500;20
RS1-B-T20-H0500-L2600;3729;2600;500;20
RS1-B-T20-H0500-L2700;3872;2700;500;20
RS1-B-T20-H0500-L2800;4016;2800;500;20
RS1-B-T20-H0500-L2900;4159;2900;500;20
RS1-B-T20-H0500-L3000;4303;3000;500;20
RS1-B-T20-H0600-L0400;602;400;600;20
RS1-B-T20-H0600-L0500;753;500;600;20
RS1-B-T20-H0600-L0600;903;600;600;20
RS1-B-T20-H0600-L0700;1054;700;600;20
RS1-B-T20-H0600-L0800;1204;800;600;20
RS1-B-T20-H0600-L0900;1355;900;600;20
RS1-B-T20-H0600-L1000;1505;1000;600;20
RS1-B-T20-H0600-L1100;1656;1100;600;20
RS1-B-T20-H0600-L1200;1807;1200;600;20
RS1-B-T20-H0600-L1300;1957;1300;600;20
RS1-B-T20-H0600-L1400;2107;1400;600;20
RS1-B-T20-H0600-L1500;2259;1500;600;20
RS1-B-T20-H0600-L1600;2409;1600;600;20
RS1-B-T20-H0600-L1700;2559;1700;600;20
RS1-B-T20-H0600-L1800;2710;1800;600;20
RS1-B-T20-H0600-L1900;2861;1900;600;20
RS1-B-T20-H0600-L2000;3011;2000;600;20
RS1-B-T20-H0600-L2100;3161;2100;600;20
RS1-B-T20-H0600-L2200;3312;2200;600;20
RS1-B-T20-H0600-L2300;3463;2300;600;20
RS1-B-T20-H0600-L2400;3613;2400;600;20
RS1-B-T20-H0600-L2500;3764;2500;600;20
RS1-B-T20-H0600-L2600;3914;2600;600;20
RS1-B-T20-H0600-L2700;4064;2700;600;20
RS1-B-T20-H0600-L2800;4216;2800;600;20
RS1-B-T20-H0600-L2900;4366;2900;600;20
RS1-B-T20-H0600-L3000;4516;3000;600;20
RS1-B-T21-H0200-L0400;281;400;200;21
RS1-B-T21-H0200-L0500;351;500;200;21
RS1-B-T21-H0200-L0600;422;600;200;21
RS1-B-T21-H0200-L0700;492;700;200;21
RS1-B-T21-H0200-L0800;561;800;200;21
RS1-B-T21-H0200-L0900;632;900;200;21
RS1-B-T21-H0200-L1000;702;1000;200;21
RS1-B-T21-H0200-L1100;772;1100;200;21
RS1-B-T21-H0200-L1200;843;1200;200;21
RS1-B-T21-H0200-L1300;913;1300;200;21
RS1-B-T21-H0200-L1400;983;1400;200;21
RS1-B-T21-H0200-L1500;1053;1500;200;21
RS1-B-T21-H0200-L1600;1124;1600;200;21
RS1-B-T21-H0200-L1700;1194;1700;200;21
RS1-B-T21-H0200-L1800;1264;1800;200;21
RS1-B-T21-H0200-L1900;1335;1900;200;21
RS1-B-T21-H0200-L2000;1405;2000;200;21
RS1-B-T21-H0200-L2100;1475;2100;200;21
RS1-B-T21-H0200-L2200;1545;2200;200;21
RS1-B-T21-H0200-L2300;1615;2300;200;21
RS1-B-T21-H0200-L2400;1685;2400;200;21
RS1-B-T21-H0200-L2500;1755;2500;200;21
RS1-B-T21-H0200-L2600;1826;2600;200;21
RS1-B-T21-H0200-L2700;1896;2700;200;21
RS1-B-T21-H0200-L2800;1966;2800;200;21
RS1-B-T21-H0200-L2900;2037;2900;200;21
RS1-B-T21-H0200-L3000;2107;3000;200;21
RS1-B-T21-H0300-L0400;459;400;300;21
RS1-B-T21-H0300-L0500;573;500;300;21
RS1-B-T21-H0300-L0600;688;600;300;21
RS1-B-T21-H0300-L0700;802;700;300;21
RS1-B-T21-H0300-L0800;917;800;300;21
RS1-B-T21-H0300-L0900;1031;900;300;21
RS1-B-T21-H0300-L1000;1146;1000;300;21
RS1-B-T21-H0300-L1100;1261;1100;300;21
RS1-B-T21-H0300-L1200;1376;1200;300;21
RS1-B-T21-H0300-L1300;1490;1300;300;21
RS1-B-T21-H0300-L1400;1605;1400;300;21
RS1-B-T21-H0300-L1500;1719;1500;300;21
RS1-B-T21-H0300-L1600;1834;1600;300;21
RS1-B-T21-H0300-L1700;1948;1700;300;21
RS1-B-T21-H0300-L1800;2063;1800;300;21
RS1-B-T21-H0300-L1900;2178;1900;300;21
RS1-B-T21-H0300-L2000;2293;2000;300;21
RS1-B-T21-H0300-L2100;2407;2100;300;21
RS1-B-T21-H0300-L2200;2522;2200;300;21
RS1-B-T21-H0300-L2300;2636;2300;300;21
RS1-B-T21-H0300-L2400;2751;2400;300;21
RS1-B-T21-H0300-L2500;2865;2500;300;21
RS1-B-T21-H0300-L2600;2981;2600;300;21
RS1-B-T21-H0300-L2700;3095;2700;300;21
RS1-B-T21-H0300-L2800;3210;2800;300;21
RS1-B-T21-H0300-L2900;3324;2900;300;21
RS1-B-T21-H0300-L3000;3439;3000;300;21
RS1-B-T21-H0400-L0400;562;400;400;21
RS1-B-T21-H0400-L0500;703;500;400;21
RS1-B-T21-H0400-L0600;843;600;400;21
RS1-B-T21-H0400-L0700;984;700;400;21
RS1-B-T21-H0400-L0800;1124;800;400;21
RS1-B-T21-H0400-L0900;1265;900;400;21
RS1-B-T21-H0400-L1000;1405;1000;400;21
RS1-B-T21-H0400-L1100;1546;1100;400;21
RS1-B-T21-H0400-L1200;1687;1200;400;21
RS1-B-T21-H0400-L1300;1827;1300;400;21
RS1-B-T21-H0400-L1400;1968;1400;400;21
RS1-B-T21-H0400-L1500;2108;1500;400;21
RS1-B-T21-H0400-L1600;2249;1600;400;21
RS1-B-T21-H0400-L1700;2389;1700;400;21
RS1-B-T21-H0400-L1800;2530;1800;400;21
RS1-B-T21-H0400-L1900;2670;1900;400;21
RS1-B-T21-H0400-L2000;2811;2000;400;21
RS1-B-T21-H0400-L2100;2952;2100;400;21
RS1-B-T21-H0400-L2200;3093;2200;400;21
RS1-B-T21-H0400-L2300;3233;2300;400;21
RS1-B-T21-H0400-L2400;3374;2400;400;21
RS1-B-T21-H0400-L2500;3515;2500;400;21
RS1-B-T21-H0400-L2600;3655;2600;400;21
RS1-B-T21-H0400-L2700;3796;2700;400;21
RS1-B-T21-H0400-L2800;3936;2800;400;21
RS1-B-T21-H0400-L2900;4077;2900;400;21
RS1-B-T21-H0400-L3000;4217;3000;400;21
RS1-B-T21-H0500-L0400;706;400;500;21
RS1-B-T21-H0500-L0500;883;500;500;21
RS1-B-T21-H0500-L0600;1060;600;500;21
RS1-B-T21-H0500-L0700;1236;700;500;21
RS1-B-T21-H0500-L0800;1413;800;500;21
RS1-B-T21-H0500-L0900;1590;900;500;21
RS1-B-T21-H0500-L1000;1767;1000;500;21
RS1-B-T21-H0500-L1100;1942;1100;500;21
RS1-B-T21-H0500-L1200;2119;1200;500;21
RS1-B-T21-H0500-L1300;2296;1300;500;21
RS1-B-T21-H0500-L1400;2473;1400;500;21
RS1-B-T21-H0500-L1500;2649;1500;500;21
RS1-B-T21-H0500-L1600;2826;1600;500;21
RS1-B-T21-H0500-L1700;3003;1700;500;21
RS1-B-T21-H0500-L1800;3179;1800;500;21
RS1-B-T21-H0500-L1900;3355;1900;500;21
RS1-B-T21-H0500-L2000;3532;2000;500;21
RS1-B-T21-H0500-L2100;3709;2100;500;21
RS1-B-T21-H0500-L2200;3886;2200;500;21
RS1-B-T21-H0500-L2300;4062;2300;500;21
RS1-B-T21-H0500-L2400;4239;2400;500;21
RS1-B-T21-H0500-L2500;4415;2500;500;21
RS1-B-T21-H0500-L2600;4592;2600;500;21
RS1-B-T21-H0500-L2700;4768;2700;500;21
RS1-B-T21-H0500-L2800;4945;2800;500;21
RS1-B-T21-H0500-L2900;5122;2900;500;21
RS1-B-T21-H0500-L3000;5299;3000;500;21
RS1-B-T21-H0600-L0400;991;400;600;21
RS1-B-T21-H0600-L0500;1238;500;600;21
RS1-B-T21-H0600-L0600;1486;600;600;21
RS1-B-T21-H0600-L0700;1734;700;600;21
RS1-B-T21-H0600-L0800;1981;800;600;21
RS1-B-T21-H0600-L0900;2230;900;600;21
RS1-B-T21-H0600-L1000;2478;1000;600;21
RS1-B-T21-H0600-L1100;2726;1100;600;21
RS1-B-T21-H0600-L1200;2973;1200;600;21
RS1-B-T21-H0600-L1300;3221;1300;600;21
RS1-B-T21-H0600-L1400;3469;1400;600;21
RS1-B-T21-H0600-L1500;3716;1500;600;21
RS1-B-T21-H0600-L1600;3964;1600;600;21
RS1-B-T21-H0600-L1700;4212;1700;600;21
RS1-B-T21-H0600-L1800;4459;1800;600;21
RS1-B-T21-H0600-L1900;4707;1900;600;21
RS1-B-T21-H0600-L2000;4955;2000;600;21
RS1-B-T21-H0600-L2100;5202;2100;600;21
RS1-B-T21-H0600-L2200;5450;2200;600;21
RS1-B-T21-H0600-L2300;5698;2300;600;21
RS1-B-T21-H0600-L2400;5945;2400;600;21
RS1-B-T21-H0600-L2500;6194;2500;600;21
RS1-B-T21-H0600-L2600;6442;2600;600;21
RS1-B-T21-H0600-L2700;6690;2700;600;21
RS1-B-T21-H0600-L2800;6937;2800;600;21
RS1-B-T21-H0600-L2900;7185;2900;600;21
RS1-B-T21-H0600-L3000;7433;3000;600;21
RS1-B-T22-H0200-L0400;390;400;200;22
RS1-B-T22-H0200-L0500;488;500;200;22
RS1-B-T22-H0200-L0600;586;600;200;22
RS1-B-T22-H0200-L0700;683;700;200;22
RS1-B-T22-H0200-L0800;780;800;200;22
RS1-B-T22-H0200-L0900;878;900;200;22
RS1-B-T22-H0200-L1000;976;1000;200;22
RS1-B-T22-H0200-L1100;1073;1100;200;22
RS1-B-T22-H0200-L1200;1171;1200;200;22
RS1-B-T22-H0200-L1300;1268;1300;200;22
RS1-B-T22-H0200-L1400;1366;1400;200;22
RS1-B-T22-H0200-L1500;1463;1500;200;22
RS1-B-T22-H0200-L1600;1561;1600;200;22
RS1-B-T22-H0200-L1700;1659;1700;200;22
RS1-B-T22-H0200-L1800;1756;1800;200;22
RS1-B-T22-H0200-L1900;1853;1900;200;22
RS1-B-T22-H0200-L2000;1951;2000;200;22
RS1-B-T22-H0200-L2100;2049;2100;200;22
RS1-B-T22-H0200-L2200;2147;2200;200;22
RS1-B-T22-H0200-L2300;2244;2300;200;22
RS1-B-T22-H0200-L2400;2341;2400;200;22
RS1-B-T22-H0200-L2500;2439;2500;200;22
RS1-B-T22-H0200-L2600;2537;2600;200;22
RS1-B-T22-H0200-L2700;2634;2700;200;22
RS1-B-T22-H0200-L2800;2732;2800;200;22
RS1-B-T22-H0200-L2900;2829;2900;200;22
RS1-B-T22-H0200-L3000;2927;3000;200;22
RS1-B-T22-H0300-L0400;628;400;300;22
RS1-B-T22-H0300-L0500;786;500;300;22
RS1-B-T22-H0300-L0600;943;600;300;22
RS1-B-T22-H0300-L0700;1100;700;300;22
RS1-B-T22-H0300-L0800;1257;800;300;22
RS1-B-T22-H0300-L0900;1414;900;300;22
RS1-B-T22-H0300-L1000;1572;1000;300;22
RS1-B-T22-H0300-L1100;1729;1100;300;22
RS1-B-T22-H0300-L1200;1885;1200;300;22
RS1-B-T22-H0300-L1300;2043;1300;300;22
RS1-B-T22-H0300-L1400;2200;1400;300;22
RS1-B-T22-H0300-L1500;2357;1500;300;22
RS1-B-T22-H0300-L1600;2514;1600;300;22
RS1-B-T22-H0300-L1700;2671;1700;300;22
RS1-B-T22-H0300-L1800;2828;1800;300;22
RS1-B-T22-H0300-L1900;2986;1900;300;22
RS1-B-T22-H0300-L2000;3143;2000;300;22
RS1-B-T22-H0300-L2100;3300;2100;300;22
RS1-B-T22-H0300-L2200;3457;2200;300;22
RS1-B-T22-H0300-L2300;3614;2300;300;22
RS1-B-T22-H0300-L2400;3772;2400;300;22
RS1-B-T22-H0300-L2500;3928;2500;300;22
RS1-B-T22-H0300-L2600;4085;2600;300;22
RS1-B-T22-H0300-L2700;4243;2700;300;22
RS1-B-T22-H0300-L2800;4400;2800;300;22
RS1-B-T22-H0300-L2900;4557;2900;300;22
RS1-B-T22-H0300-L3000;4714;3000;300;22
RS1-B-T22-H0400-L0400;758;400;400;22
RS1-B-T22-H0400-L0500;949;500;400;22
RS1-B-T22-H0400-L0600;1138;600;400;22
RS1-B-T22-H0400-L0700;1328;700;400;22
RS1-B-T22-H0400-L0800;1517;800;400;22
RS1-B-T22-H0400-L0900;1707;900;400;22
RS1-B-T22-H0400-L1000;1896;1000;400;22
RS1-B-T22-H0400-L1100;2086;1100;400;22
RS1-B-T22-H0400-L1200;2275;1200;400;22
RS1-B-T22-H0400-L1300;2465;1300;400;22
RS1-B-T22-H0400-L1400;2655;1400;400;22
RS1-B-T22-H0400-L1500;2845;1500;400;22
RS1-B-T22-H0400-L1600;3035;1600;400;22
RS1-B-T22-H0400-L1700;3224;1700;400;22
RS1-B-T22-H0400-L1800;3414;1800;400;22
RS1-B-T22-H0400-L1900;3603;1900;400;22
RS1-B-T22-H0400-L2000;3793;2000;400;22
RS1-B-T22-H0400-L2100;3982;2100;400;22
RS1-B-T22-H0400-L2200;4172;2200;400;22
RS1-B-T22-H0400-L2300;4361;2300;400;22
RS1-B-T22-H0400-L2400;4552;2400;400;22
RS1-B-T22-H0400-L2500;4741;2500;400;22
RS1-B-T22-H0400-L2600;4931;2600;400;22
RS1-B-T22-H0400-L2700;5120;2700;400;22
RS1-B-T22-H0400-L2800;5310;2800;400;22
RS1-B-T22-H0400-L2900;5500;2900;400;22
RS1-B-T22-H0400-L3000;5689;3000;400;22
RS1-B-T22-H0500-L0400;960;400;500;22
RS1-B-T22-H0500-L0500;1199;500;500;22
RS1-B-T22-H0500-L0600;1439;600;500;22
RS1-B-T22-H0500-L0700;1679;700;500;22
RS1-B-T22-H0500-L0800;1919;800;500;22
RS1-B-T22-H0500-L0900;2159;900;500;22
RS1-B-T22-H0500-L1000;2399;1000;500;22
RS1-B-T22-H0500-L1100;2638;1100;500;22
RS1-B-T22-H0500-L1200;2879;1200;500;22
RS1-B-T22-H0500-L1300;3118;1300;500;22
RS1-B-T22-H0500-L1400;3359;1400;500;22
RS1-B-T22-H0500-L1500;3598;1500;500;22
RS1-B-T22-H0500-L1600;3838;1600;500;22
RS1-B-T22-H0500-L1700;4078;1700;500;22
RS1-B-T22-H0500-L1800;4318;1800;500;22
RS1-B-T22-H0500-L1900;4558;1900;500;22
RS1-B-T22-H0500-L2000;4797;2000;500;22
RS1-B-T22-H0500-L2100;5037;2100;500;22
RS1-B-T22-H0500-L2200;5277;2200;500;22
RS1-B-T22-H0500-L2300;5517;2300;500;22
RS1-B-T22-H0500-L2400;5757;2400;500;22
RS1-B-T22-H0500-L2500;5997;2500;500;22
RS1-B-T22-H0500-L2600;6236;2600;500;22
RS1-B-T22-H0500-L2700;6477;2700;500;22
RS1-B-T22-H0500-L2800;6716;2800;500;22
RS1-B-T22-H0500-L2900;6957;2900;500;22
RS1-B-T22-H0500-L3000;7196;3000;500;22
RS1-B-T22-H0600-L0400;1148;400;600;22
RS1-B-T22-H0600-L0500;1378;500;600;22
RS1-B-T22-H0600-L0600;1611;600;600;22
RS1-B-T22-H0600-L0700;1843;700;600;22
RS1-B-T22-H0600-L0800;2075;800;600;22
RS1-B-T22-H0600-L0900;2289;900;600;22
RS1-B-T22-H0600-L1000;2536;1000;600;22
RS1-B-T22-H0600-L1100;2769;1100;600;22
RS1-B-T22-H0600-L1200;2999;1200;600;22
RS1-B-T22-H0600-L1300;3263;1300;600;22
RS1-B-T22-H0600-L1400;3532;1400;600;22
RS1-B-T22-H0600-L1500;3790;1500;600;22
RS1-B-T22-H0600-L1600;4047;1600;600;22
RS1-B-T22-H0600-L1700;4306;1700;600;22
RS1-B-T22-H0600-L1800;4564;1800;600;22
RS1-B-T22-H0600-L1900;4823;1900;600;22
RS1-B-T22-H0600-L2000;5080;2000;600;22
RS1-B-T22-H0600-L2100;5332;2100;600;22
RS1-B-T22-H0600-L2200;5596;2200;600;22
RS1-B-T22-H0600-L2300;5856;2300;600;22
RS1-B-T22-H0600-L2400;6125;2400;600;22
RS1-B-T22-H0600-L2500;6379;2500;600;22
RS1-B-T22-H0600-L2600;6641;2600;600;22
RS1-B-T22-H0600-L2700;6900;2700;600;22
RS1-B-T22-H0600-L2800;7158;2800;600;22
RS1-B-T22-H0600-L2900;7416;2900;600;22
RS1-B-T22-H0600-L3000;7674;3000;600;22
RS1-B-T30-H0300-L0400;576;400;300;30
RS1-B-T30-H0300-L0500;720;500;300;30
RS1-B-T30-H0300-L0600;864;600;300;30
RS1-B-T30-H0300-L0700;1008;700;300;30
RS1-B-T30-H0300-L0800;1152;800;300;30
RS1-B-T30-H0300-L0900;1296;900;300;30
RS1-B-T30-H0300-L1000;1440;1000;300;30
RS1-B-T30-H0300-L1100;1585;1100;300;30
RS1-B-T30-H0300-L1200;1728;1200;300;30
RS1-B-T30-H0300-L1300;1872;1300;300;30
RS1-B-T30-H0300-L1400;2017;1400;300;30
RS1-B-T30-H0300-L1500;2160;1500;300;30
RS1-B-T30-H0300-L1600;2304;1600;300;30
RS1-B-T30-H0300-L1700;2449;1700;300;30
RS1-B-T30-H0300-L1800;2592;1800;300;30
RS1-B-T30-H0300-L1900;2736;1900;300;30
RS1-B-T30-H0300-L2000;2881;2000;300;30
RS1-B-T30-H0300-L2100;3024;2100;300;30
RS1-B-T30-H0300-L2200;3168;2200;300;30
RS1-B-T30-H0300-L2300;3313;2300;300;30
RS1-B-T30-H0300-L2400;3456;2400;300;30
RS1-B-T30-H0300-L2500;3601;2500;300;30
RS1-B-T30-H0300-L2600;3745;2600;300;30
RS1-B-T30-H0300-L2700;3889;2700;300;30
RS1-B-T30-H0300-L2800;4033;2800;300;30
RS1-B-T30-H0300-L2900;4177;2900;300;30
RS1-B-T30-H0300-L3000;4321;3000;300;30
RS1-B-T30-H0400-L0400;715;400;400;30
RS1-B-T30-H0400-L0500;894;500;400;30
RS1-B-T30-H0400-L0600;1072;600;400;30
RS1-B-T30-H0400-L0700;1251;700;400;30
RS1-B-T30-H0400-L0800;1430;800;400;30
RS1-B-T30-H0400-L0900;1609;900;400;30
RS1-B-T30-H0400-L1000;1787;1000;400;30
RS1-B-T30-H0400-L1100;1966;1100;400;30
RS1-B-T30-H0400-L1200;2145;1200;400;30
RS1-B-T30-H0400-L1300;2323;1300;400;30
RS1-B-T30-H0400-L1400;2502;1400;400;30
RS1-B-T30-H0400-L1500;2681;1500;400;30
RS1-B-T30-H0400-L1600;2859;1600;400;30
RS1-B-T30-H0400-L1700;3037;1700;400;30
RS1-B-T30-H0400-L1800;3216;1800;400;30
RS1-B-T30-H0400-L1900;3395;1900;400;30
RS1-B-T30-H0400-L2000;3573;2000;400;30
RS1-B-T30-H0400-L2100;3752;2100;400;30
RS1-B-T30-H0400-L2200;3931;2200;400;30
RS1-B-T30-H0400-L2300;4110;2300;400;30
RS1-B-T30-H0400-L2400;4288;2400;400;30
RS1-B-T30-H0400-L2500;4467;2500;400;30
RS1-B-T30-H0400-L2600;4646;2600;400;30
RS1-B-T30-H0400-L2700;4825;2700;400;30
RS1-B-T30-H0400-L2800;5003;2800;400;30
RS1-B-T30-H0400-L2900;5182;2900;400;30
RS1-B-T30-H0400-L3000;5361;3000;400;30
RS1-B-T30-H0500-L0400;830;400;500;30
RS1-B-T30-H0500-L0500;1037;500;500;30
RS1-B-T30-H0500-L0600;1245;600;500;30
RS1-B-T30-H0500-L0700;1452;700;500;30
RS1-B-T30-H0500-L0800;1659;800;500;30
RS1-B-T30-H0500-L0900;1867;900;500;30
RS1-B-T30-H0500-L1000;2075;1000;500;30
RS1-B-T30-H0500-L1100;2282;1100;500;30
RS1-B-T30-H0500-L1200;2489;1200;500;30
RS1-B-T30-H0500-L1300;2697;1300;500;30
RS1-B-T30-H0500-L1400;2904;1400;500;30
RS1-B-T30-H0500-L1500;3112;1500;500;30
RS1-B-T30-H0500-L1600;3319;1600;500;30
RS1-B-T30-H0500-L1700;3526;1700;500;30
RS1-B-T30-H0500-L1800;3734;1800;500;30
RS1-B-T30-H0500-L1900;3942;1900;500;30
RS1-B-T30-H0500-L2000;4149;2000;500;30
RS1-B-T30-H0500-L2100;4356;2100;500;30
RS1-B-T30-H0500-L2200;4564;2200;500;30
RS1-B-T30-H0500-L2300;4771;2300;500;30
RS1-B-T30-H0500-L2400;4979;2400;500;30
RS1-B-T30-H0500-L2500;5186;2500;500;30
RS1-B-T30-H0500-L2600;5393;2600;500;30
RS1-B-T30-H0500-L2700;5601;2700;500;30
RS1-B-T30-H0500-L2800;5809;2800;500;30
RS1-B-T30-H0500-L2900;6016;2900;500;30
RS1-B-T30-H0500-L3000;6223;3000;500;30
RS1-B-T30-H0600-L0400;866;400;600;30
RS1-B-T30-H0600-L0500;1083;500;600;30
RS1-B-T30-H0600-L0600;1298;600;600;30
RS1-B-T30-H0600-L0700;1515;700;600;30
RS1-B-T30-H0600-L0800;1732;800;600;30
RS1-B-T30-H0600-L0900;1947;900;600;30
RS1-B-T30-H0600-L1000;2164;1000;600;30
RS1-B-T30-H0600-L1100;2381;1100;600;30
RS1-B-T30-H0600-L1200;2596;1200;600;30
RS1-B-T30-H0600-L1300;2813;1300;600;30
RS1-B-T30-H0600-L1400;3030;1400;600;30
RS1-B-T30-H0600-L1500;3247;1500;600;30
RS1-B-T30-H0600-L1600;3462;1600;600;30
RS1-B-T30-H0600-L1700;3679;1700;600;30
RS1-B-T30-H0600-L1800;3896;1800;600;30
RS1-B-T30-H0600-L1900;4111;1900;600;30
RS1-B-T30-H0600-L2000;4328;2000;600;30
RS1-B-T30-H0600-L2100;4545;2100;600;30
RS1-B-T30-H0600-L2200;4761;2200;600;30
RS1-B-T30-H0600-L2300;4977;2300;600;30
RS1-B-T30-H0600-L2400;5194;2400;600;30
RS1-B-T30-H0600-L2500;5411;2500;600;30
RS1-B-T30-H0600-L2600;5626;2600;600;30
RS1-B-T30-H0600-L2700;5843;2700;600;30
RS1-B-T30-H0600-L2800;6060;2800;600;30
RS1-B-T30-H0600-L2900;6276;2900;600;30
RS1-B-T30-H0600-L3000;6492;3000;600;30
RS1-B-T33-H0200-L0400;576;400;200;33
RS1-B-T33-H0200-L0500;720;500;200;33
RS1-B-T33-H0200-L0600;865;600;200;33
RS1-B-T33-H0200-L0700;1009;700;200;33
RS1-B-T33-H0200-L0800;1153;800;200;33
RS1-B-T33-H0200-L0900;1298;900;200;33
RS1-B-T33-H0200-L1000;1442;1000;200;33
RS1-B-T33-H0200-L1100;1586;1100;200;33
RS1-B-T33-H0200-L1200;1730;1200;200;33
RS1-B-T33-H0200-L1300;1874;1300;200;33
RS1-B-T33-H0200-L1400;2018;1400;200;33
RS1-B-T33-H0200-L1500;2162;1500;200;33
RS1-B-T33-H0200-L1600;2306;1600;200;33
RS1-B-T33-H0200-L1700;2450;1700;200;33
RS1-B-T33-H0200-L1800;2595;1800;200;33
RS1-B-T33-H0200-L1900;2739;1900;200;33
RS1-B-T33-H0200-L2000;2883;2000;200;33
RS1-B-T33-H0200-L2100;3027;2100;200;33
RS1-B-T33-H0200-L2200;3171;2200;200;33
RS1-B-T33-H0200-L2300;3315;2300;200;33
RS1-B-T33-H0200-L2400;3459;2400;200;33
RS1-B-T33-H0200-L2500;3603;2500;200;33
RS1-B-T33-H0200-L2600;3748;2600;200;33
RS1-B-T33-H0200-L2700;3892;2700;200;33
RS1-B-T33-H0200-L2800;4036;2800;200;33
RS1-B-T33-H0200-L2900;4180;2900;200;33
RS1-B-T33-H0200-L3000;4325;3000;200;33
RS1-B-T33-H0300-L0400;878;400;300;33
RS1-B-T33-H0300-L0500;1097;500;300;33
RS1-B-T33-H0300-L0600;1316;600;300;33
RS1-B-T33-H0300-L0700;1536;700;300;33
RS1-B-T33-H0300-L0800;1755;800;300;33
RS1-B-T33-H0300-L0900;1974;900;300;33
RS1-B-T33-H0300-L1000;2194;1000;300;33
RS1-B-T33-H0300-L1100;2413;1100;300;33
RS1-B-T33-H0300-L1200;2633;1200;300;33
RS1-B-T33-H0300-L1300;2852;1300;300;33
RS1-B-T33-H0300-L1400;3071;1400;300;33
RS1-B-T33-H0300-L1500;3291;1500;300;33
RS1-B-T33-H0300-L1600;3510;1600;300;33
RS1-B-T33-H0300-L1700;3729;1700;300;33
RS1-B-T33-H0300-L1800;3949;1800;300;33
RS1-B-T33-H0300-L1900;4168;1900;300;33
RS1-B-T33-H0300-L2000;4388;2000;300;33
RS1-B-T33-H0300-L2100;4607;2100;300;33
RS1-B-T33-H0300-L2200;4826;2200;300;33
RS1-B-T33-H0300-L2300;5046;2300;300;33
RS1-B-T33-H0300-L2400;5265;2400;300;33
RS1-B-T33-H0300-L2500;5484;2500;300;33
RS1-B-T33-H0300-L2600;5703;2600;300;33
RS1-B-T33-H0300-L2700;5922;2700;300;33
RS1-B-T33-H0300-L2800;6142;2800;300;33
RS1-B-T33-H0300-L2900;6361;2900;300;33
RS1-B-T33-H0300-L3000;6580;3000;300;33
RS1-B-T33-H0400-L0400;1125;400;400;33
RS1-B-T33-H0400-L0500;1406;500;400;33
RS1-B-T33-H0400-L0600;1687;600;400;33
RS1-B-T33-H0400-L0700;1969;700;400;33
RS1-B-T33-H0400-L0800;2250;800;400;33
RS1-B-T33-H0400-L0900;2531;900;400;33
RS1-B-T33-H0400-L1000;2812;1000;400;33
RS1-B-T33-H0400-L1100;3093;1100;400;33
RS1-B-T33-H0400-L1200;3375;1200;400;33
RS1-B-T33-H0400-L1300;3656;1300;400;33
RS1-B-T33-H0400-L1400;3937;1400;400;33
RS1-B-T33-H0400-L1500;4219;1500;400;33
RS1-B-T33-H0400-L1600;4500;1600;400;33
RS1-B-T33-H0400-L1700;4780;1700;400;33
RS1-B-T33-H0400-L1800;5062;1800;400;33
RS1-B-T33-H0400-L1900;5343;1900;400;33
RS1-B-T33-H0400-L2000;5625;2000;400;33
RS1-B-T33-H0400-L2100;5906;2100;400;33
RS1-B-T33-H0400-L2200;6187;2200;400;33
RS1-B-T33-H0400-L2300;6468;2300;400;33
RS1-B-T33-H0400-L2400;6749;2400;400;33
RS1-B-T33-H0400-L2500;7030;2500;400;33
RS1-B-T33-H0400-L2600;7312;2600;400;33
RS1-B-T33-H0400-L2700;7593;2700;400;33
RS1-B-T33-H0400-L2800;7875;2800;400;33
RS1-B-T33-H0400-L2900;8155;2900;400;33
RS1-B-T33-H0400-L3000;8436;3000;400;33
RS1-B-T33-H0500-L0400;1328;400;500;33
RS1-B-T33-H0500-L0500;1659;500;500;33
RS1-B-T33-H0500-L0600;1991;600;500;33
RS1-B-T33-H0500-L0700;2322;700;500;33
RS1-B-T33-H0500-L0800;2654;800;500;33
RS1-B-T33-H0500-L0900;2986;900;500;33
RS1-B-T33-H0500-L1000;3318;1000;500;33
RS1-B-T33-H0500-L1100;3650;1100;500;33
RS1-B-T33-H0500-L1200;3982;1200;500;33
RS1-B-T33-H0500-L1300;4313;1300;500;33
RS1-B-T33-H0500-L1400;4645;1400;500;33
RS1-B-T33-H0500-L1500;4977;1500;500;33
RS1-B-T33-H0500-L1600;5309;1600;500;33
RS1-B-T33-H0500-L1700;5641;1700;500;33
RS1-B-T33-H0500-L1800;5973;1800;500;33
RS1-B-T33-H0500-L1900;6304;1900;500;33
RS1-B-T33-H0500-L2000;6636;2000;500;33
RS1-B-T33-H0500-L2100;6967;2100;500;33
RS1-B-T33-H0500-L2200;7299;2200;500;33
RS1-B-T33-H0500-L2300;7631;2300;500;33
RS1-B-T33-H0500-L2400;7963;2400;500;33
RS1-B-T33-H0500-L2500;8295;2500;500;33
RS1-B-T33-H0500-L2600;8627;2600;500;33
RS1-B-T33-H0500-L2700;8959;2700;500;33
RS1-B-T33-H0500-L2800;9291;2800;500;33
RS1-B-T33-H0500-L2900;9622;2900;500;33
RS1-B-T33-H0500-L3000;9954;3000;500;33
RS1-B-T33-H0600-L0400;1414;400;600;33
RS1-B-T33-H0600-L0500;1768;500;600;33
RS1-B-T33-H0600-L0600;2122;600;600;33
RS1-B-T33-H0600-L0700;2475;700;600;33
RS1-B-T33-H0600-L0800;2829;800;600;33
RS1-B-T33-H0600-L0900;3182;900;600;33
RS1-B-T33-H0600-L1000;3536;1000;600;33
RS1-B-T33-H0600-L1100;3890;1100;600;33
RS1-B-T33-H0600-L1200;4243;1200;600;33
RS1-B-T33-H0600-L1300;4597;1300;600;33
RS1-B-T33-H0600-L1400;4950;1400;600;33
RS1-B-T33-H0600-L1500;5304;1500;600;33
RS1-B-T33-H0600-L1600;5657;1600;600;33
RS1-B-T33-H0600-L1700;6011;1700;600;33
RS1-B-T33-H0600-L1800;6365;1800;600;33
RS1-B-T33-H0600-L1900;6718;1900;600;33
RS1-B-T33-H0600-L2000;7072;2000;600;33
RS1-B-T33-H0600-L2100;7425;2100;600;33
RS1-B-T33-H0600-L2200;7779;2200;600;33
RS1-B-T33-H0600-L2300;8133;2300;600;33
RS1-B-T33-H0600-L2400;8486;2400;600;33
RS1-B-T33-H0600-L2500;8840;2500;600;33
RS1-B-T33-H0600-L2600;9193;2600;600;33
RS1-B-T33-H0600-L2700;9547;2700;600;33
RS1-B-T33-H0600-L2800;9901;2800;600;33
RS1-B-T33-H0600-L2900;10254;2900;600;33
RS1-B-T33-H0600-L3000;10608;3000;600;33
